{
    "total_videos": 3875,
    "total_labels": 100,
    "spatial_stats": {
        "width": {
            "min": 224,
            "max": 224,
            "mean": 224.0,
            "std": 0.0
        },
        "height": {
            "min": 224,
            "max": 224,
            "mean": 224.0,
            "std": 0.0
        }
    },
    "temporal_stats": {
        "fps": {
            "min": 0.85,
            "max": 30.018,
            "mean": 12.935300387096776,
            "std": 3.1099281024092322
        },
        "frame_count": {
            "min": 16,
            "max": 30,
            "mean": 29.876129032258063,
            "std": 1.263741698340634
        },
        "duration": {
            "min": 0.7000700070007001,
            "max": 35.294117647058826,
            "mean": 2.48116440334508,
            "std": 1.3569498945397909
        }
    }
}